starttime	seconds	ctime	dtime	ttime	wait
Mon Mar 03 17:24:48 2014	1393856688	3	106	109	57
Mon Mar 03 17:24:48 2014	1393856688	3	117	120	75
Mon Mar 03 17:24:48 2014	1393856688	3	131	134	131
Mon Mar 03 17:24:48 2014	1393856688	3	132	135	100
Mon Mar 03 17:24:48 2014	1393856688	3	135	138	117
Mon Mar 03 17:24:48 2014	1393856688	3	135	138	60
Mon Mar 03 17:24:48 2014	1393856688	3	135	138	89
Mon Mar 03 17:24:48 2014	1393856688	3	135	138	124
Mon Mar 03 17:24:48 2014	1393856688	3	155	158	149
Mon Mar 03 17:24:48 2014	1393856688	3	156	158	142
Mon Mar 03 17:24:48 2014	1393856688	3	157	159	146
Mon Mar 03 17:24:48 2014	1393856688	3	170	173	131
Mon Mar 03 17:24:48 2014	1393856688	2	190	192	155
Mon Mar 03 17:24:48 2014	1393856688	3	190	193	148
Mon Mar 03 17:24:48 2014	1393856688	3	190	193	179
Mon Mar 03 17:24:48 2014	1393856688	3	209	211	199
Mon Mar 03 17:24:48 2014	1393856688	3	209	212	180
Mon Mar 03 17:24:48 2014	1393856688	3	211	213	201
Mon Mar 03 17:24:48 2014	1393856688	2	214	216	197
Mon Mar 03 17:24:48 2014	1393856688	2	222	224	205
Mon Mar 03 17:24:48 2014	1393856688	3	222	225	194
Mon Mar 03 17:24:48 2014	1393856688	3	227	230	210
Mon Mar 03 17:24:48 2014	1393856688	3	227	230	204
Mon Mar 03 17:24:48 2014	1393856688	2	229	232	163
Mon Mar 03 17:24:48 2014	1393856688	2	230	232	198
Mon Mar 03 17:24:48 2014	1393856688	3	236	239	236
Mon Mar 03 17:24:48 2014	1393856688	3	237	239	221
Mon Mar 03 17:24:48 2014	1393856688	3	242	245	237
Mon Mar 03 17:24:48 2014	1393856688	3	242	245	226
Mon Mar 03 17:24:48 2014	1393856688	2	248	250	247
Mon Mar 03 17:24:48 2014	1393856688	2	251	253	246
Mon Mar 03 17:24:48 2014	1393856688	3	284	287	260
Mon Mar 03 17:24:48 2014	1393856688	2	290	292	270
Mon Mar 03 17:24:48 2014	1393856688	2	309	311	309
Mon Mar 03 17:24:48 2014	1393856688	2	313	316	313
Mon Mar 03 17:24:48 2014	1393856688	2	316	319	280
Mon Mar 03 17:24:48 2014	1393856688	2	317	319	283
Mon Mar 03 17:24:48 2014	1393856688	2	321	324	316
Mon Mar 03 17:24:48 2014	1393856688	2	325	327	302
Mon Mar 03 17:24:48 2014	1393856688	2	325	327	310
Mon Mar 03 17:24:48 2014	1393856688	2	330	332	303
Mon Mar 03 17:24:48 2014	1393856688	2	331	333	330
Mon Mar 03 17:24:48 2014	1393856688	2	333	336	330
Mon Mar 03 17:24:48 2014	1393856688	2	336	339	325
Mon Mar 03 17:24:48 2014	1393856688	2	343	346	343
Mon Mar 03 17:24:48 2014	1393856688	2	355	357	350
Mon Mar 03 17:24:48 2014	1393856688	2	366	368	360
Mon Mar 03 17:24:48 2014	1393856688	2	367	369	359
Mon Mar 03 17:24:48 2014	1393856688	2	398	400	388
Mon Mar 03 17:24:48 2014	1393856688	2	400	402	397
Mon Mar 03 17:24:48 2014	1393856688	2	430	432	374
Mon Mar 03 17:24:48 2014	1393856688	2	439	441	433
Mon Mar 03 17:24:48 2014	1393856688	2	446	448	429
Mon Mar 03 17:24:48 2014	1393856688	2	446	449	433
Mon Mar 03 17:24:48 2014	1393856688	2	457	459	450
Mon Mar 03 17:24:48 2014	1393856688	2	458	460	457
Mon Mar 03 17:24:48 2014	1393856688	2	463	465	443
Mon Mar 03 17:24:48 2014	1393856688	2	463	466	461
Mon Mar 03 17:24:48 2014	1393856688	2	466	469	453
Mon Mar 03 17:24:48 2014	1393856688	2	467	469	462
Mon Mar 03 17:24:48 2014	1393856688	2	472	474	466
Mon Mar 03 17:24:48 2014	1393856688	2	481	483	481
Mon Mar 03 17:24:48 2014	1393856688	2	485	487	479
Mon Mar 03 17:24:48 2014	1393856688	2	491	493	482
Mon Mar 03 17:24:48 2014	1393856688	2	497	499	494
Mon Mar 03 17:24:48 2014	1393856688	2	500	502	491
Mon Mar 03 17:24:48 2014	1393856688	2	519	521	509
Mon Mar 03 17:24:48 2014	1393856688	2	519	521	513
Mon Mar 03 17:24:48 2014	1393856688	2	523	525	516
Mon Mar 03 17:24:48 2014	1393856688	2	528	530	527
Mon Mar 03 17:24:48 2014	1393856688	2	548	550	548
Mon Mar 03 17:24:48 2014	1393856688	2	556	558	553
Mon Mar 03 17:24:48 2014	1393856688	2	557	559	552
Mon Mar 03 17:24:48 2014	1393856688	2	557	559	541
Mon Mar 03 17:24:48 2014	1393856688	2	579	581	566
Mon Mar 03 17:24:48 2014	1393856688	2	592	594	592
Mon Mar 03 17:24:48 2014	1393856688	2	596	598	596
Mon Mar 03 17:24:48 2014	1393856688	2	597	599	576
Mon Mar 03 17:24:48 2014	1393856688	2	605	607	604
Mon Mar 03 17:24:48 2014	1393856688	2	609	610	608
Mon Mar 03 17:24:48 2014	1393856688	2	619	621	616
Mon Mar 03 17:24:48 2014	1393856688	2	623	624	616
Mon Mar 03 17:24:48 2014	1393856688	2	634	636	630
Mon Mar 03 17:24:48 2014	1393856688	0	637	637	633
Mon Mar 03 17:24:48 2014	1393856688	0	649	649	642
Mon Mar 03 17:24:48 2014	1393856688	0	650	650	642
Mon Mar 03 17:24:48 2014	1393856688	0	654	654	639
Mon Mar 03 17:24:48 2014	1393856688	2	653	655	653
Mon Mar 03 17:24:48 2014	1393856688	2	656	658	649
Mon Mar 03 17:24:48 2014	1393856688	2	657	658	654
Mon Mar 03 17:24:48 2014	1393856688	2	657	659	656
Mon Mar 03 17:24:48 2014	1393856688	0	663	663	662
Mon Mar 03 17:24:48 2014	1393856688	2	662	664	648
Mon Mar 03 17:24:48 2014	1393856688	2	662	664	656
Mon Mar 03 17:24:48 2014	1393856688	0	666	666	662
Mon Mar 03 17:24:48 2014	1393856688	0	667	667	654
Mon Mar 03 17:24:48 2014	1393856688	0	671	671	667
Mon Mar 03 17:24:48 2014	1393856688	0	677	677	661
Mon Mar 03 17:24:48 2014	1393856688	0	677	677	677
Mon Mar 03 17:24:48 2014	1393856688	0	680	680	679
Mon Mar 03 17:24:49 2014	1393856689	0	681	681	677
Mon Mar 03 17:24:48 2014	1393856688	0	682	682	657
Mon Mar 03 17:24:48 2014	1393856688	0	682	682	678
Mon Mar 03 17:24:48 2014	1393856688	2	683	684	677
Mon Mar 03 17:24:48 2014	1393856688	0	684	684	683
Mon Mar 03 17:24:48 2014	1393856688	2	683	685	676
Mon Mar 03 17:24:48 2014	1393856688	2	683	685	680
Mon Mar 03 17:24:48 2014	1393856688	0	686	686	677
Mon Mar 03 17:24:48 2014	1393856688	0	691	691	661
Mon Mar 03 17:24:48 2014	1393856688	0	696	696	684
Mon Mar 03 17:24:49 2014	1393856689	0	696	696	686
Mon Mar 03 17:24:53 2014	1393856693	0	696	696	686
Mon Mar 03 17:24:48 2014	1393856688	0	696	696	696
Mon Mar 03 17:24:48 2014	1393856688	0	697	697	693
Mon Mar 03 17:24:48 2014	1393856688	0	697	697	697
Mon Mar 03 17:24:48 2014	1393856688	0	698	698	693
Mon Mar 03 17:24:48 2014	1393856688	2	697	698	696
Mon Mar 03 17:24:48 2014	1393856688	0	700	700	698
Mon Mar 03 17:24:48 2014	1393856688	0	700	700	682
Mon Mar 03 17:24:49 2014	1393856689	0	700	700	688
Mon Mar 03 17:24:48 2014	1393856688	0	702	702	690
Mon Mar 03 17:24:48 2014	1393856688	2	701	702	693
Mon Mar 03 17:24:49 2014	1393856689	0	703	703	700
Mon Mar 03 17:24:48 2014	1393856688	0	704	704	693
Mon Mar 03 17:24:48 2014	1393856688	0	705	705	701
Mon Mar 03 17:24:48 2014	1393856688	0	705	705	695
Mon Mar 03 17:24:48 2014	1393856688	0	710	710	707
Mon Mar 03 17:24:49 2014	1393856689	0	711	711	710
Mon Mar 03 17:24:48 2014	1393856688	0	711	711	706
Mon Mar 03 17:24:49 2014	1393856689	0	713	713	699
Mon Mar 03 17:24:49 2014	1393856689	0	715	715	711
Mon Mar 03 17:24:49 2014	1393856689	0	715	715	715
Mon Mar 03 17:24:54 2014	1393856694	0	716	716	715
Mon Mar 03 17:24:53 2014	1393856693	0	717	717	712
Mon Mar 03 17:24:53 2014	1393856693	0	717	717	710
Mon Mar 03 17:24:52 2014	1393856692	0	718	718	713
Mon Mar 03 17:24:52 2014	1393856692	0	718	718	711
Mon Mar 03 17:24:48 2014	1393856688	0	718	718	706
Mon Mar 03 17:24:48 2014	1393856688	0	720	720	718
Mon Mar 03 17:24:48 2014	1393856688	0	720	720	713
Mon Mar 03 17:24:54 2014	1393856694	0	720	720	717
Mon Mar 03 17:24:53 2014	1393856693	0	721	721	714
Mon Mar 03 17:24:54 2014	1393856694	0	721	721	719
Mon Mar 03 17:24:53 2014	1393856693	0	722	722	721
Mon Mar 03 17:24:54 2014	1393856694	0	722	722	722
Mon Mar 03 17:24:53 2014	1393856693	0	723	723	715
Mon Mar 03 17:24:49 2014	1393856689	0	723	724	709
Mon Mar 03 17:24:50 2014	1393856690	0	724	724	704
Mon Mar 03 17:24:49 2014	1393856689	0	724	724	720
Mon Mar 03 17:24:53 2014	1393856693	0	725	725	725
Mon Mar 03 17:24:48 2014	1393856688	0	726	726	715
Mon Mar 03 17:24:49 2014	1393856689	0	726	726	723
Mon Mar 03 17:24:50 2014	1393856690	0	726	726	719
Mon Mar 03 17:24:48 2014	1393856688	0	727	727	722
Mon Mar 03 17:24:48 2014	1393856688	0	727	727	711
Mon Mar 03 17:24:48 2014	1393856688	0	727	727	706
Mon Mar 03 17:24:48 2014	1393856688	0	727	727	712
Mon Mar 03 17:24:48 2014	1393856688	0	728	728	693
Mon Mar 03 17:24:49 2014	1393856689	0	728	728	728
Mon Mar 03 17:24:49 2014	1393856689	0	728	728	728
Mon Mar 03 17:24:55 2014	1393856695	0	729	729	728
Mon Mar 03 17:24:49 2014	1393856689	0	729	729	723
Mon Mar 03 17:24:52 2014	1393856692	0	729	729	725
Mon Mar 03 17:24:54 2014	1393856694	0	729	729	729
Mon Mar 03 17:24:54 2014	1393856694	0	729	729	715
Mon Mar 03 17:24:54 2014	1393856694	0	730	730	725
Mon Mar 03 17:24:48 2014	1393856688	0	731	731	724
Mon Mar 03 17:24:48 2014	1393856688	0	731	731	721
Mon Mar 03 17:24:52 2014	1393856692	0	731	731	729
Mon Mar 03 17:24:49 2014	1393856689	0	731	731	698
Mon Mar 03 17:24:52 2014	1393856692	0	732	732	731
Mon Mar 03 17:24:49 2014	1393856689	0	732	732	727
Mon Mar 03 17:24:48 2014	1393856688	0	732	732	718
Mon Mar 03 17:24:52 2014	1393856692	0	732	732	728
Mon Mar 03 17:24:53 2014	1393856693	0	732	732	730
Mon Mar 03 17:24:49 2014	1393856689	0	732	732	715
Mon Mar 03 17:24:53 2014	1393856693	0	733	733	730
Mon Mar 03 17:24:54 2014	1393856694	0	734	734	717
Mon Mar 03 17:24:50 2014	1393856690	0	734	734	734
Mon Mar 03 17:24:49 2014	1393856689	0	734	734	728
Mon Mar 03 17:24:54 2014	1393856694	0	734	734	725
Mon Mar 03 17:24:52 2014	1393856692	0	734	734	731
Mon Mar 03 17:24:49 2014	1393856689	0	735	735	713
Mon Mar 03 17:24:48 2014	1393856688	2	733	735	701
Mon Mar 03 17:24:48 2014	1393856688	1	734	735	727
Mon Mar 03 17:24:48 2014	1393856688	2	734	736	728
Mon Mar 03 17:24:50 2014	1393856690	0	736	736	721
Mon Mar 03 17:24:48 2014	1393856688	0	736	736	725
Mon Mar 03 17:24:54 2014	1393856694	0	736	736	736
Mon Mar 03 17:24:52 2014	1393856692	0	737	737	734
Mon Mar 03 17:24:54 2014	1393856694	0	737	737	726
Mon Mar 03 17:24:50 2014	1393856690	0	737	737	732
Mon Mar 03 17:24:52 2014	1393856692	0	738	738	730
Mon Mar 03 17:24:49 2014	1393856689	0	738	738	731
Mon Mar 03 17:24:49 2014	1393856689	0	738	738	708
Mon Mar 03 17:24:54 2014	1393856694	0	738	738	728
Mon Mar 03 17:24:52 2014	1393856692	0	738	738	734
Mon Mar 03 17:24:48 2014	1393856688	1	737	739	724
Mon Mar 03 17:24:54 2014	1393856694	0	740	740	734
Mon Mar 03 17:24:54 2014	1393856694	0	740	740	722
Mon Mar 03 17:24:50 2014	1393856690	0	740	740	739
Mon Mar 03 17:24:49 2014	1393856689	0	740	740	729
Mon Mar 03 17:24:54 2014	1393856694	0	740	740	728
Mon Mar 03 17:24:54 2014	1393856694	0	740	740	734
Mon Mar 03 17:24:52 2014	1393856692	0	741	741	739
Mon Mar 03 17:24:54 2014	1393856694	0	741	741	739
Mon Mar 03 17:24:52 2014	1393856692	0	741	741	741
Mon Mar 03 17:24:54 2014	1393856694	0	741	741	741
Mon Mar 03 17:24:49 2014	1393856689	0	741	741	737
Mon Mar 03 17:24:49 2014	1393856689	0	742	742	729
Mon Mar 03 17:24:54 2014	1393856694	0	742	742	736
Mon Mar 03 17:24:49 2014	1393856689	0	742	742	735
Mon Mar 03 17:24:49 2014	1393856689	0	742	742	720
Mon Mar 03 17:24:52 2014	1393856692	0	742	742	731
Mon Mar 03 17:24:53 2014	1393856693	0	742	742	735
Mon Mar 03 17:24:49 2014	1393856689	0	742	742	730
Mon Mar 03 17:24:52 2014	1393856692	0	743	743	735
Mon Mar 03 17:24:49 2014	1393856689	0	743	743	742
Mon Mar 03 17:24:53 2014	1393856693	0	743	743	738
Mon Mar 03 17:24:48 2014	1393856688	0	743	743	742
Mon Mar 03 17:24:49 2014	1393856689	0	743	743	741
Mon Mar 03 17:24:49 2014	1393856689	0	743	743	729
Mon Mar 03 17:24:52 2014	1393856692	0	744	744	736
Mon Mar 03 17:24:52 2014	1393856692	0	744	744	742
Mon Mar 03 17:24:49 2014	1393856689	0	744	744	740
Mon Mar 03 17:24:49 2014	1393856689	0	744	744	740
Mon Mar 03 17:24:54 2014	1393856694	0	745	745	724
Mon Mar 03 17:24:51 2014	1393856691	0	745	745	745
Mon Mar 03 17:24:53 2014	1393856693	0	745	745	731
Mon Mar 03 17:24:50 2014	1393856690	0	745	745	741
Mon Mar 03 17:24:54 2014	1393856694	0	746	746	745
Mon Mar 03 17:24:49 2014	1393856689	0	746	746	742
Mon Mar 03 17:24:49 2014	1393856689	0	746	746	735
Mon Mar 03 17:24:52 2014	1393856692	0	746	746	742
Mon Mar 03 17:24:51 2014	1393856691	0	746	746	746
Mon Mar 03 17:24:49 2014	1393856689	0	746	746	726
Mon Mar 03 17:24:50 2014	1393856690	0	746	746	744
Mon Mar 03 17:24:54 2014	1393856694	0	747	747	735
Mon Mar 03 17:24:54 2014	1393856694	0	747	747	746
Mon Mar 03 17:24:49 2014	1393856689	0	747	747	746
Mon Mar 03 17:24:52 2014	1393856692	0	747	747	744
Mon Mar 03 17:24:54 2014	1393856694	0	747	747	747
Mon Mar 03 17:24:50 2014	1393856690	0	747	747	744
Mon Mar 03 17:24:48 2014	1393856688	0	747	747	747
Mon Mar 03 17:24:52 2014	1393856692	0	748	748	733
Mon Mar 03 17:24:50 2014	1393856690	0	748	748	746
Mon Mar 03 17:24:50 2014	1393856690	0	748	748	746
Mon Mar 03 17:24:50 2014	1393856690	0	748	748	731
Mon Mar 03 17:24:49 2014	1393856689	0	748	748	742
Mon Mar 03 17:24:55 2014	1393856695	0	749	749	748
Mon Mar 03 17:24:52 2014	1393856692	0	749	749	742
Mon Mar 03 17:24:54 2014	1393856694	0	749	749	748
Mon Mar 03 17:24:51 2014	1393856691	0	749	749	728
Mon Mar 03 17:24:50 2014	1393856690	0	749	750	746
Mon Mar 03 17:24:50 2014	1393856690	0	750	750	732
Mon Mar 03 17:24:54 2014	1393856694	0	750	750	743
Mon Mar 03 17:24:54 2014	1393856694	0	750	750	743
Mon Mar 03 17:24:52 2014	1393856692	0	750	750	749
Mon Mar 03 17:24:52 2014	1393856692	0	750	750	750
Mon Mar 03 17:24:54 2014	1393856694	0	750	750	746
Mon Mar 03 17:24:49 2014	1393856689	0	750	750	750
Mon Mar 03 17:24:54 2014	1393856694	0	750	750	744
Mon Mar 03 17:24:51 2014	1393856691	0	750	750	737
Mon Mar 03 17:24:51 2014	1393856691	0	750	750	750
Mon Mar 03 17:24:49 2014	1393856689	0	750	750	750
Mon Mar 03 17:24:49 2014	1393856689	0	750	750	717
Mon Mar 03 17:24:52 2014	1393856692	0	750	750	750
Mon Mar 03 17:24:51 2014	1393856691	0	750	750	748
Mon Mar 03 17:24:54 2014	1393856694	0	750	750	742
Mon Mar 03 17:24:54 2014	1393856694	0	750	750	738
Mon Mar 03 17:24:50 2014	1393856690	0	750	750	750
Mon Mar 03 17:24:52 2014	1393856692	0	751	751	733
Mon Mar 03 17:24:48 2014	1393856688	1	749	751	748
Mon Mar 03 17:24:54 2014	1393856694	0	751	751	741
Mon Mar 03 17:24:54 2014	1393856694	0	751	751	742
Mon Mar 03 17:24:53 2014	1393856693	0	752	752	751
Mon Mar 03 17:24:49 2014	1393856689	0	752	752	749
Mon Mar 03 17:24:51 2014	1393856691	0	752	752	746
Mon Mar 03 17:24:54 2014	1393856694	0	752	752	752
Mon Mar 03 17:24:52 2014	1393856692	0	752	752	741
Mon Mar 03 17:24:49 2014	1393856689	0	752	752	751
Mon Mar 03 17:24:49 2014	1393856689	0	752	752	752
Mon Mar 03 17:24:53 2014	1393856693	0	752	752	752
Mon Mar 03 17:24:54 2014	1393856694	0	752	752	749
Mon Mar 03 17:24:52 2014	1393856692	0	753	753	735
Mon Mar 03 17:24:54 2014	1393856694	0	753	753	748
Mon Mar 03 17:24:49 2014	1393856689	0	753	753	725
Mon Mar 03 17:24:49 2014	1393856689	0	753	753	746
Mon Mar 03 17:24:53 2014	1393856693	0	753	753	753
Mon Mar 03 17:24:52 2014	1393856692	0	753	753	748
Mon Mar 03 17:24:48 2014	1393856688	0	753	753	743
Mon Mar 03 17:24:54 2014	1393856694	0	753	753	753
Mon Mar 03 17:24:49 2014	1393856689	0	753	753	750
Mon Mar 03 17:24:52 2014	1393856692	0	753	753	753
Mon Mar 03 17:24:48 2014	1393856688	0	754	754	738
Mon Mar 03 17:24:49 2014	1393856689	0	754	754	751
Mon Mar 03 17:24:49 2014	1393856689	0	754	754	732
Mon Mar 03 17:24:54 2014	1393856694	0	754	754	754
Mon Mar 03 17:24:51 2014	1393856691	0	754	754	754
Mon Mar 03 17:24:54 2014	1393856694	0	754	754	733
Mon Mar 03 17:24:52 2014	1393856692	0	754	754	754
Mon Mar 03 17:24:49 2014	1393856689	0	755	755	734
Mon Mar 03 17:24:50 2014	1393856690	0	755	755	743
Mon Mar 03 17:24:51 2014	1393856691	0	755	755	742
Mon Mar 03 17:24:55 2014	1393856695	0	755	755	755
Mon Mar 03 17:24:53 2014	1393856693	0	755	755	742
Mon Mar 03 17:24:54 2014	1393856694	0	756	756	755
Mon Mar 03 17:24:52 2014	1393856692	0	756	756	751
Mon Mar 03 17:24:54 2014	1393856694	0	756	756	756
Mon Mar 03 17:24:52 2014	1393856692	0	756	756	751
Mon Mar 03 17:24:54 2014	1393856694	0	756	756	750
Mon Mar 03 17:24:50 2014	1393856690	0	756	756	735
Mon Mar 03 17:24:49 2014	1393856689	0	756	756	756
Mon Mar 03 17:24:53 2014	1393856693	0	756	756	749
Mon Mar 03 17:24:54 2014	1393856694	0	756	756	756
Mon Mar 03 17:24:52 2014	1393856692	0	757	757	756
Mon Mar 03 17:24:50 2014	1393856690	0	757	757	752
Mon Mar 03 17:24:48 2014	1393856688	0	757	757	754
Mon Mar 03 17:24:50 2014	1393856690	0	757	757	753
Mon Mar 03 17:24:50 2014	1393856690	0	757	757	752
Mon Mar 03 17:24:52 2014	1393856692	0	757	757	751
Mon Mar 03 17:24:49 2014	1393856689	0	757	757	747
Mon Mar 03 17:24:49 2014	1393856689	0	757	757	753
Mon Mar 03 17:24:49 2014	1393856689	0	757	757	751
Mon Mar 03 17:24:54 2014	1393856694	0	758	758	750
Mon Mar 03 17:24:51 2014	1393856691	0	758	758	749
Mon Mar 03 17:24:54 2014	1393856694	0	758	758	748
Mon Mar 03 17:24:54 2014	1393856694	0	758	758	747
Mon Mar 03 17:24:49 2014	1393856689	0	758	758	757
Mon Mar 03 17:24:50 2014	1393856690	0	758	758	742
Mon Mar 03 17:24:52 2014	1393856692	0	758	758	748
Mon Mar 03 17:24:49 2014	1393856689	0	758	758	743
Mon Mar 03 17:24:50 2014	1393856690	0	758	759	749
Mon Mar 03 17:24:49 2014	1393856689	0	759	759	753
Mon Mar 03 17:24:50 2014	1393856690	0	759	759	740
Mon Mar 03 17:24:51 2014	1393856691	0	759	759	743
Mon Mar 03 17:24:53 2014	1393856693	0	759	759	747
Mon Mar 03 17:24:52 2014	1393856692	0	759	759	758
Mon Mar 03 17:24:50 2014	1393856690	0	759	759	752
Mon Mar 03 17:24:51 2014	1393856691	0	759	759	751
Mon Mar 03 17:24:54 2014	1393856694	0	759	759	757
Mon Mar 03 17:24:54 2014	1393856694	0	759	759	747
Mon Mar 03 17:24:49 2014	1393856689	0	759	759	748
Mon Mar 03 17:24:50 2014	1393856690	0	759	759	739
Mon Mar 03 17:24:49 2014	1393856689	0	759	760	755
Mon Mar 03 17:24:54 2014	1393856694	0	760	760	751
Mon Mar 03 17:24:49 2014	1393856689	0	760	760	756
Mon Mar 03 17:24:54 2014	1393856694	0	760	760	754
Mon Mar 03 17:24:52 2014	1393856692	0	760	760	733
Mon Mar 03 17:24:48 2014	1393856688	2	759	760	733
Mon Mar 03 17:24:50 2014	1393856690	0	760	760	754
Mon Mar 03 17:24:54 2014	1393856694	0	760	760	754
Mon Mar 03 17:24:54 2014	1393856694	0	760	760	760
Mon Mar 03 17:24:50 2014	1393856690	0	761	761	751
Mon Mar 03 17:24:49 2014	1393856689	0	761	761	755
Mon Mar 03 17:24:52 2014	1393856692	0	761	761	736
Mon Mar 03 17:24:49 2014	1393856689	0	761	761	747
Mon Mar 03 17:24:50 2014	1393856690	0	761	761	740
Mon Mar 03 17:24:49 2014	1393856689	0	761	761	756
Mon Mar 03 17:24:54 2014	1393856694	0	761	761	754
Mon Mar 03 17:24:49 2014	1393856689	0	761	761	750
Mon Mar 03 17:24:49 2014	1393856689	0	761	761	757
Mon Mar 03 17:24:50 2014	1393856690	0	761	761	752
Mon Mar 03 17:24:53 2014	1393856693	0	762	762	753
Mon Mar 03 17:24:49 2014	1393856689	0	762	762	761
Mon Mar 03 17:24:50 2014	1393856690	0	761	762	753
Mon Mar 03 17:24:49 2014	1393856689	0	762	762	753
Mon Mar 03 17:24:52 2014	1393856692	0	762	762	750
Mon Mar 03 17:24:50 2014	1393856690	0	762	762	755
Mon Mar 03 17:24:55 2014	1393856695	0	762	762	751
Mon Mar 03 17:24:52 2014	1393856692	0	762	762	757
Mon Mar 03 17:24:52 2014	1393856692	0	762	762	734
Mon Mar 03 17:24:54 2014	1393856694	0	762	762	761
Mon Mar 03 17:24:54 2014	1393856694	0	762	762	757
Mon Mar 03 17:24:52 2014	1393856692	0	762	762	744
Mon Mar 03 17:24:53 2014	1393856693	0	762	762	756
Mon Mar 03 17:24:49 2014	1393856689	0	762	762	762
Mon Mar 03 17:24:54 2014	1393856694	0	762	762	762
Mon Mar 03 17:24:51 2014	1393856691	0	763	763	762
Mon Mar 03 17:24:50 2014	1393856690	0	763	763	762
Mon Mar 03 17:24:53 2014	1393856693	0	763	763	762
Mon Mar 03 17:24:49 2014	1393856689	0	763	763	747
Mon Mar 03 17:24:52 2014	1393856692	0	763	763	756
Mon Mar 03 17:24:51 2014	1393856691	0	763	763	755
Mon Mar 03 17:24:50 2014	1393856690	0	763	763	762
Mon Mar 03 17:24:49 2014	1393856689	0	763	763	763
Mon Mar 03 17:24:50 2014	1393856690	0	763	763	760
Mon Mar 03 17:24:54 2014	1393856694	0	763	764	763
Mon Mar 03 17:24:53 2014	1393856693	0	764	764	759
Mon Mar 03 17:24:52 2014	1393856692	0	764	764	758
Mon Mar 03 17:24:50 2014	1393856690	0	764	764	743
Mon Mar 03 17:24:53 2014	1393856693	0	764	764	762
Mon Mar 03 17:24:55 2014	1393856695	0	764	764	759
Mon Mar 03 17:24:54 2014	1393856694	0	764	764	760
Mon Mar 03 17:24:49 2014	1393856689	0	764	764	760
Mon Mar 03 17:24:52 2014	1393856692	0	764	764	732
Mon Mar 03 17:24:51 2014	1393856691	0	764	764	747
Mon Mar 03 17:24:49 2014	1393856689	0	764	764	748
Mon Mar 03 17:24:50 2014	1393856690	0	764	764	753
Mon Mar 03 17:24:49 2014	1393856689	0	764	764	736
Mon Mar 03 17:24:51 2014	1393856691	0	764	764	739
Mon Mar 03 17:24:49 2014	1393856689	0	764	764	756
Mon Mar 03 17:24:54 2014	1393856694	0	764	764	754
Mon Mar 03 17:24:49 2014	1393856689	0	765	765	764
Mon Mar 03 17:24:49 2014	1393856689	0	765	765	754
Mon Mar 03 17:24:48 2014	1393856688	0	765	765	731
Mon Mar 03 17:24:52 2014	1393856692	0	765	765	765
Mon Mar 03 17:24:49 2014	1393856689	0	765	765	765
Mon Mar 03 17:24:54 2014	1393856694	0	765	765	757
Mon Mar 03 17:24:49 2014	1393856689	0	765	765	746
Mon Mar 03 17:24:54 2014	1393856694	0	765	765	761
Mon Mar 03 17:24:50 2014	1393856690	0	766	766	747
Mon Mar 03 17:24:49 2014	1393856689	0	766	766	759
Mon Mar 03 17:24:50 2014	1393856690	0	766	766	751
Mon Mar 03 17:24:49 2014	1393856689	0	767	767	763
Mon Mar 03 17:24:50 2014	1393856690	0	767	767	766
Mon Mar 03 17:24:49 2014	1393856689	0	767	767	766
Mon Mar 03 17:24:55 2014	1393856695	0	767	767	767
Mon Mar 03 17:24:52 2014	1393856692	0	767	767	765
Mon Mar 03 17:24:52 2014	1393856692	0	767	767	732
Mon Mar 03 17:24:51 2014	1393856691	0	767	767	736
Mon Mar 03 17:24:53 2014	1393856693	0	767	767	759
Mon Mar 03 17:24:54 2014	1393856694	0	767	767	759
Mon Mar 03 17:24:52 2014	1393856692	0	767	768	755
Mon Mar 03 17:24:53 2014	1393856693	0	768	768	764
Mon Mar 03 17:24:53 2014	1393856693	0	768	768	768
Mon Mar 03 17:24:49 2014	1393856689	0	768	768	765
Mon Mar 03 17:24:52 2014	1393856692	0	768	768	767
Mon Mar 03 17:24:52 2014	1393856692	0	768	768	763
Mon Mar 03 17:24:50 2014	1393856690	0	769	769	765
Mon Mar 03 17:24:50 2014	1393856690	0	769	769	750
Mon Mar 03 17:24:51 2014	1393856691	0	769	769	767
Mon Mar 03 17:24:54 2014	1393856694	0	769	769	768
Mon Mar 03 17:24:54 2014	1393856694	0	769	769	754
Mon Mar 03 17:24:54 2014	1393856694	0	769	769	769
Mon Mar 03 17:24:49 2014	1393856689	0	769	769	760
Mon Mar 03 17:24:50 2014	1393856690	0	769	769	763
Mon Mar 03 17:24:52 2014	1393856692	0	770	770	769
Mon Mar 03 17:24:49 2014	1393856689	0	770	770	751
Mon Mar 03 17:24:54 2014	1393856694	0	770	770	758
Mon Mar 03 17:24:54 2014	1393856694	0	770	770	756
Mon Mar 03 17:24:54 2014	1393856694	0	770	770	763
Mon Mar 03 17:24:54 2014	1393856694	0	770	770	766
Mon Mar 03 17:24:54 2014	1393856694	0	770	770	754
Mon Mar 03 17:24:49 2014	1393856689	0	770	770	761
Mon Mar 03 17:24:54 2014	1393856694	0	770	770	768
Mon Mar 03 17:24:51 2014	1393856691	0	770	771	763
Mon Mar 03 17:24:52 2014	1393856692	0	771	771	767
Mon Mar 03 17:24:49 2014	1393856689	0	771	771	765
Mon Mar 03 17:24:53 2014	1393856693	0	771	771	771
Mon Mar 03 17:24:54 2014	1393856694	0	771	771	765
Mon Mar 03 17:24:53 2014	1393856693	0	771	771	765
Mon Mar 03 17:24:53 2014	1393856693	0	771	771	759
Mon Mar 03 17:24:51 2014	1393856691	0	771	771	771
Mon Mar 03 17:24:49 2014	1393856689	0	772	772	769
Mon Mar 03 17:24:50 2014	1393856690	0	772	772	765
Mon Mar 03 17:24:49 2014	1393856689	0	772	772	771
Mon Mar 03 17:24:53 2014	1393856693	0	772	772	766
Mon Mar 03 17:24:55 2014	1393856695	0	772	772	750
Mon Mar 03 17:24:54 2014	1393856694	0	772	772	762
Mon Mar 03 17:24:54 2014	1393856694	0	773	773	757
Mon Mar 03 17:24:49 2014	1393856689	0	773	773	761
Mon Mar 03 17:24:53 2014	1393856693	0	773	773	768
Mon Mar 03 17:24:52 2014	1393856692	0	773	773	773
Mon Mar 03 17:24:50 2014	1393856690	0	773	773	763
Mon Mar 03 17:24:54 2014	1393856694	0	773	773	760
Mon Mar 03 17:24:49 2014	1393856689	0	773	773	772
Mon Mar 03 17:24:54 2014	1393856694	0	773	773	745
Mon Mar 03 17:24:54 2014	1393856694	0	773	773	746
Mon Mar 03 17:24:49 2014	1393856689	0	773	773	769
Mon Mar 03 17:24:54 2014	1393856694	0	773	774	764
Mon Mar 03 17:24:50 2014	1393856690	0	774	774	772
Mon Mar 03 17:24:49 2014	1393856689	0	774	774	764
Mon Mar 03 17:24:49 2014	1393856689	0	774	774	762
Mon Mar 03 17:24:51 2014	1393856691	0	774	774	759
Mon Mar 03 17:24:48 2014	1393856688	0	774	774	750
Mon Mar 03 17:24:54 2014	1393856694	0	774	774	760
Mon Mar 03 17:24:54 2014	1393856694	0	774	774	771
Mon Mar 03 17:24:52 2014	1393856692	0	774	774	755
Mon Mar 03 17:24:54 2014	1393856694	0	774	774	769
Mon Mar 03 17:24:50 2014	1393856690	0	774	774	739
Mon Mar 03 17:24:54 2014	1393856694	0	774	774	758
Mon Mar 03 17:24:50 2014	1393856690	0	775	775	760
Mon Mar 03 17:24:52 2014	1393856692	0	775	775	757
Mon Mar 03 17:24:50 2014	1393856690	0	775	775	755
Mon Mar 03 17:24:50 2014	1393856690	0	775	775	772
Mon Mar 03 17:24:50 2014	1393856690	0	776	776	774
Mon Mar 03 17:24:52 2014	1393856692	0	776	776	765
Mon Mar 03 17:24:52 2014	1393856692	0	776	776	772
Mon Mar 03 17:24:50 2014	1393856690	0	776	776	768
Mon Mar 03 17:24:50 2014	1393856690	0	776	776	772
Mon Mar 03 17:24:49 2014	1393856689	0	776	776	764
Mon Mar 03 17:24:54 2014	1393856694	0	776	776	776
Mon Mar 03 17:24:53 2014	1393856693	0	776	776	776
Mon Mar 03 17:24:50 2014	1393856690	0	777	777	770
Mon Mar 03 17:24:51 2014	1393856691	0	777	777	772
Mon Mar 03 17:24:49 2014	1393856689	0	777	777	751
Mon Mar 03 17:24:51 2014	1393856691	0	777	777	772
Mon Mar 03 17:24:50 2014	1393856690	0	777	777	766
Mon Mar 03 17:24:53 2014	1393856693	0	777	777	765
Mon Mar 03 17:24:53 2014	1393856693	0	777	777	767
Mon Mar 03 17:24:50 2014	1393856690	0	777	777	761
Mon Mar 03 17:24:49 2014	1393856689	0	777	777	773
Mon Mar 03 17:24:52 2014	1393856692	0	777	777	767
Mon Mar 03 17:24:54 2014	1393856694	0	777	777	767
Mon Mar 03 17:24:51 2014	1393856691	0	777	778	764
Mon Mar 03 17:24:53 2014	1393856693	0	778	778	751
Mon Mar 03 17:24:50 2014	1393856690	0	778	778	777
Mon Mar 03 17:24:49 2014	1393856689	0	778	778	768
Mon Mar 03 17:24:53 2014	1393856693	0	778	778	760
Mon Mar 03 17:24:50 2014	1393856690	0	778	778	760
Mon Mar 03 17:24:52 2014	1393856692	0	778	778	772
Mon Mar 03 17:24:49 2014	1393856689	0	778	778	744
Mon Mar 03 17:24:52 2014	1393856692	0	778	779	771
Mon Mar 03 17:24:52 2014	1393856692	0	779	779	767
Mon Mar 03 17:24:49 2014	1393856689	0	779	779	779
Mon Mar 03 17:24:50 2014	1393856690	0	779	779	770
Mon Mar 03 17:24:50 2014	1393856690	0	779	779	761
Mon Mar 03 17:24:50 2014	1393856690	0	779	779	759
Mon Mar 03 17:24:55 2014	1393856695	0	779	779	754
Mon Mar 03 17:24:49 2014	1393856689	0	779	779	773
Mon Mar 03 17:24:49 2014	1393856689	0	780	780	779
Mon Mar 03 17:24:49 2014	1393856689	0	780	780	758
Mon Mar 03 17:24:48 2014	1393856688	0	780	780	769
Mon Mar 03 17:24:54 2014	1393856694	0	780	780	771
Mon Mar 03 17:24:53 2014	1393856693	0	780	780	777
Mon Mar 03 17:24:54 2014	1393856694	0	780	780	757
Mon Mar 03 17:24:51 2014	1393856691	0	780	780	780
Mon Mar 03 17:24:53 2014	1393856693	0	780	780	766
Mon Mar 03 17:24:52 2014	1393856692	0	780	780	776
Mon Mar 03 17:24:55 2014	1393856695	0	780	780	780
Mon Mar 03 17:24:49 2014	1393856689	0	781	781	773
Mon Mar 03 17:24:54 2014	1393856694	0	781	781	764
Mon Mar 03 17:24:54 2014	1393856694	0	781	781	771
Mon Mar 03 17:24:54 2014	1393856694	0	781	781	770
Mon Mar 03 17:24:49 2014	1393856689	0	781	781	769
Mon Mar 03 17:24:50 2014	1393856690	0	781	781	773
Mon Mar 03 17:24:50 2014	1393856690	0	781	781	772
Mon Mar 03 17:24:53 2014	1393856693	0	781	781	765
Mon Mar 03 17:24:54 2014	1393856694	0	781	781	781
Mon Mar 03 17:24:54 2014	1393856694	0	781	781	780
Mon Mar 03 17:24:54 2014	1393856694	0	782	782	753
Mon Mar 03 17:24:49 2014	1393856689	0	782	782	762
Mon Mar 03 17:24:50 2014	1393856690	0	782	782	770
Mon Mar 03 17:24:52 2014	1393856692	0	782	782	778
Mon Mar 03 17:24:52 2014	1393856692	0	782	782	775
Mon Mar 03 17:24:53 2014	1393856693	0	782	782	766
Mon Mar 03 17:24:49 2014	1393856689	0	783	783	766
Mon Mar 03 17:24:51 2014	1393856691	0	783	783	767
Mon Mar 03 17:24:50 2014	1393856690	0	783	783	782
Mon Mar 03 17:24:50 2014	1393856690	0	783	783	775
Mon Mar 03 17:24:49 2014	1393856689	0	783	783	752
Mon Mar 03 17:24:49 2014	1393856689	0	783	783	783
Mon Mar 03 17:24:53 2014	1393856693	0	783	783	774
Mon Mar 03 17:24:54 2014	1393856694	0	783	783	779
Mon Mar 03 17:24:49 2014	1393856689	0	783	783	772
Mon Mar 03 17:24:54 2014	1393856694	0	784	784	783
Mon Mar 03 17:24:50 2014	1393856690	0	784	784	782
Mon Mar 03 17:24:49 2014	1393856689	0	784	784	761
Mon Mar 03 17:24:53 2014	1393856693	0	784	784	783
Mon Mar 03 17:24:54 2014	1393856694	0	784	784	763
Mon Mar 03 17:24:53 2014	1393856693	0	784	784	778
Mon Mar 03 17:24:53 2014	1393856693	0	784	784	783
Mon Mar 03 17:24:50 2014	1393856690	0	784	784	773
Mon Mar 03 17:24:49 2014	1393856689	0	785	785	762
Mon Mar 03 17:24:50 2014	1393856690	0	785	785	784
Mon Mar 03 17:24:49 2014	1393856689	0	785	785	784
Mon Mar 03 17:24:53 2014	1393856693	0	785	785	784
Mon Mar 03 17:24:53 2014	1393856693	0	785	785	772
Mon Mar 03 17:24:52 2014	1393856692	0	785	785	770
Mon Mar 03 17:24:52 2014	1393856692	0	785	785	765
Mon Mar 03 17:24:49 2014	1393856689	0	785	785	780
Mon Mar 03 17:24:51 2014	1393856691	0	786	786	776
Mon Mar 03 17:24:50 2014	1393856690	0	786	786	755
Mon Mar 03 17:24:54 2014	1393856694	0	786	786	780
Mon Mar 03 17:24:51 2014	1393856691	0	786	786	762
Mon Mar 03 17:24:54 2014	1393856694	0	786	786	786
Mon Mar 03 17:24:49 2014	1393856689	0	786	786	784
Mon Mar 03 17:24:52 2014	1393856692	0	786	786	775
Mon Mar 03 17:24:51 2014	1393856691	0	786	786	776
Mon Mar 03 17:24:55 2014	1393856695	0	786	786	779
Mon Mar 03 17:24:49 2014	1393856689	0	786	786	786
Mon Mar 03 17:24:54 2014	1393856694	0	786	786	762
Mon Mar 03 17:24:53 2014	1393856693	0	786	786	776
Mon Mar 03 17:24:53 2014	1393856693	0	786	786	783
Mon Mar 03 17:24:50 2014	1393856690	0	786	787	778
Mon Mar 03 17:24:54 2014	1393856694	0	786	787	761
Mon Mar 03 17:24:53 2014	1393856693	0	787	787	786
Mon Mar 03 17:24:49 2014	1393856689	0	787	787	776
Mon Mar 03 17:24:50 2014	1393856690	0	787	787	784
Mon Mar 03 17:24:50 2014	1393856690	0	787	787	786
Mon Mar 03 17:24:52 2014	1393856692	0	787	787	771
Mon Mar 03 17:24:50 2014	1393856690	0	787	787	784
Mon Mar 03 17:24:52 2014	1393856692	0	787	787	761
Mon Mar 03 17:24:53 2014	1393856693	0	787	787	770
Mon Mar 03 17:24:50 2014	1393856690	0	787	788	765
Mon Mar 03 17:24:52 2014	1393856692	0	787	788	784
Mon Mar 03 17:24:53 2014	1393856693	0	787	788	782
Mon Mar 03 17:24:52 2014	1393856692	0	788	788	787
Mon Mar 03 17:24:50 2014	1393856690	0	788	788	763
Mon Mar 03 17:24:49 2014	1393856689	0	788	788	746
Mon Mar 03 17:24:49 2014	1393856689	0	788	788	773
Mon Mar 03 17:24:52 2014	1393856692	0	788	788	774
Mon Mar 03 17:24:52 2014	1393856692	0	788	788	769
Mon Mar 03 17:24:52 2014	1393856692	0	788	788	777
Mon Mar 03 17:24:54 2014	1393856694	0	788	789	780
Mon Mar 03 17:24:54 2014	1393856694	0	789	789	778
Mon Mar 03 17:24:53 2014	1393856693	0	789	789	783
Mon Mar 03 17:24:51 2014	1393856691	0	789	789	775
Mon Mar 03 17:24:50 2014	1393856690	0	789	789	761
Mon Mar 03 17:24:54 2014	1393856694	0	789	789	785
Mon Mar 03 17:24:53 2014	1393856693	0	789	789	744
Mon Mar 03 17:24:50 2014	1393856690	0	789	789	775
Mon Mar 03 17:24:50 2014	1393856690	0	789	789	788
Mon Mar 03 17:24:52 2014	1393856692	0	789	789	785
Mon Mar 03 17:24:54 2014	1393856694	0	790	790	785
Mon Mar 03 17:24:49 2014	1393856689	0	790	790	786
Mon Mar 03 17:24:49 2014	1393856689	0	790	790	772
Mon Mar 03 17:24:51 2014	1393856691	0	790	790	773
Mon Mar 03 17:24:49 2014	1393856689	0	790	790	772
Mon Mar 03 17:24:53 2014	1393856693	0	790	790	780
Mon Mar 03 17:24:53 2014	1393856693	0	790	790	750
Mon Mar 03 17:24:53 2014	1393856693	0	790	790	780
Mon Mar 03 17:24:52 2014	1393856692	0	790	790	783
Mon Mar 03 17:24:53 2014	1393856693	0	791	791	774
Mon Mar 03 17:24:53 2014	1393856693	0	791	791	788
Mon Mar 03 17:24:50 2014	1393856690	0	792	792	784
Mon Mar 03 17:24:51 2014	1393856691	0	791	792	791
Mon Mar 03 17:24:52 2014	1393856692	0	792	792	768
Mon Mar 03 17:24:49 2014	1393856689	0	792	792	787
Mon Mar 03 17:24:50 2014	1393856690	0	792	792	784
Mon Mar 03 17:24:50 2014	1393856690	0	792	792	789
Mon Mar 03 17:24:54 2014	1393856694	0	792	792	748
Mon Mar 03 17:24:55 2014	1393856695	0	792	792	788
Mon Mar 03 17:24:52 2014	1393856692	0	793	793	770
Mon Mar 03 17:24:53 2014	1393856693	0	793	793	781
Mon Mar 03 17:24:49 2014	1393856689	0	793	793	785
Mon Mar 03 17:24:49 2014	1393856689	0	793	793	768
Mon Mar 03 17:24:49 2014	1393856689	0	793	793	792
Mon Mar 03 17:24:50 2014	1393856690	0	793	793	780
Mon Mar 03 17:24:50 2014	1393856690	0	793	793	774
Mon Mar 03 17:24:50 2014	1393856690	0	793	793	778
Mon Mar 03 17:24:52 2014	1393856692	0	793	793	777
Mon Mar 03 17:24:50 2014	1393856690	0	793	793	783
Mon Mar 03 17:24:50 2014	1393856690	0	793	793	771
Mon Mar 03 17:24:54 2014	1393856694	0	793	793	781
Mon Mar 03 17:24:54 2014	1393856694	0	793	793	792
Mon Mar 03 17:24:53 2014	1393856693	0	793	793	793
Mon Mar 03 17:24:50 2014	1393856690	0	793	793	772
Mon Mar 03 17:24:51 2014	1393856691	0	794	794	790
Mon Mar 03 17:24:50 2014	1393856690	0	794	794	771
Mon Mar 03 17:24:52 2014	1393856692	0	794	794	790
Mon Mar 03 17:24:51 2014	1393856691	0	795	795	779
Mon Mar 03 17:24:51 2014	1393856691	0	795	795	770
Mon Mar 03 17:24:53 2014	1393856693	0	795	795	782
Mon Mar 03 17:24:53 2014	1393856693	0	795	795	783
Mon Mar 03 17:24:50 2014	1393856690	0	795	795	774
Mon Mar 03 17:24:52 2014	1393856692	0	795	795	793
Mon Mar 03 17:24:52 2014	1393856692	0	795	795	793
Mon Mar 03 17:24:55 2014	1393856695	0	795	795	781
Mon Mar 03 17:24:52 2014	1393856692	0	795	795	791
Mon Mar 03 17:24:49 2014	1393856689	0	795	795	794
Mon Mar 03 17:24:53 2014	1393856693	0	795	795	794
Mon Mar 03 17:24:55 2014	1393856695	0	795	795	778
Mon Mar 03 17:24:52 2014	1393856692	0	795	795	753
Mon Mar 03 17:24:49 2014	1393856689	0	796	796	783
Mon Mar 03 17:24:53 2014	1393856693	0	796	796	787
Mon Mar 03 17:24:50 2014	1393856690	0	796	796	786
Mon Mar 03 17:24:50 2014	1393856690	0	796	796	787
Mon Mar 03 17:24:49 2014	1393856689	0	796	796	795
Mon Mar 03 17:24:49 2014	1393856689	0	796	796	792
Mon Mar 03 17:24:53 2014	1393856693	0	796	796	790
Mon Mar 03 17:24:51 2014	1393856691	0	796	796	777
Mon Mar 03 17:24:55 2014	1393856695	0	797	797	796
Mon Mar 03 17:24:54 2014	1393856694	0	797	797	792
Mon Mar 03 17:24:53 2014	1393856693	0	797	797	785
Mon Mar 03 17:24:50 2014	1393856690	0	797	797	762
Mon Mar 03 17:24:50 2014	1393856690	0	797	798	797
Mon Mar 03 17:24:52 2014	1393856692	0	798	798	780
Mon Mar 03 17:24:55 2014	1393856695	0	798	798	790
Mon Mar 03 17:24:54 2014	1393856694	0	798	798	763
Mon Mar 03 17:24:51 2014	1393856691	0	798	798	768
Mon Mar 03 17:24:55 2014	1393856695	0	798	798	798
Mon Mar 03 17:24:54 2014	1393856694	0	798	798	779
Mon Mar 03 17:24:53 2014	1393856693	0	798	798	775
Mon Mar 03 17:24:53 2014	1393856693	0	798	798	782
Mon Mar 03 17:24:53 2014	1393856693	0	798	799	782
Mon Mar 03 17:24:55 2014	1393856695	0	799	799	798
Mon Mar 03 17:24:49 2014	1393856689	0	799	799	797
Mon Mar 03 17:24:53 2014	1393856693	0	799	799	782
Mon Mar 03 17:24:54 2014	1393856694	0	799	799	774
Mon Mar 03 17:24:51 2014	1393856691	0	799	799	785
Mon Mar 03 17:24:51 2014	1393856691	0	799	799	798
Mon Mar 03 17:24:52 2014	1393856692	0	799	799	792
Mon Mar 03 17:24:51 2014	1393856691	0	799	799	775
Mon Mar 03 17:24:54 2014	1393856694	0	800	800	771
Mon Mar 03 17:24:50 2014	1393856690	0	800	800	778
Mon Mar 03 17:24:55 2014	1393856695	0	800	801	777
Mon Mar 03 17:24:50 2014	1393856690	0	801	801	790
Mon Mar 03 17:24:55 2014	1393856695	0	801	801	776
Mon Mar 03 17:24:51 2014	1393856691	0	801	801	792
Mon Mar 03 17:24:50 2014	1393856690	0	801	801	775
Mon Mar 03 17:24:54 2014	1393856694	0	802	802	785
Mon Mar 03 17:24:54 2014	1393856694	0	802	802	781
Mon Mar 03 17:24:54 2014	1393856694	0	802	802	786
Mon Mar 03 17:24:53 2014	1393856693	0	802	802	797
Mon Mar 03 17:24:53 2014	1393856693	0	802	802	777
Mon Mar 03 17:24:50 2014	1393856690	0	802	802	796
Mon Mar 03 17:24:55 2014	1393856695	0	802	802	798
Mon Mar 03 17:24:50 2014	1393856690	0	802	802	770
Mon Mar 03 17:24:55 2014	1393856695	0	802	802	791
Mon Mar 03 17:24:53 2014	1393856693	0	802	802	785
Mon Mar 03 17:24:50 2014	1393856690	0	802	803	800
Mon Mar 03 17:24:52 2014	1393856692	0	803	803	758
Mon Mar 03 17:24:50 2014	1393856690	0	803	803	786
Mon Mar 03 17:24:54 2014	1393856694	0	803	803	773
Mon Mar 03 17:24:50 2014	1393856690	0	803	803	783
Mon Mar 03 17:24:51 2014	1393856691	0	803	803	773
Mon Mar 03 17:24:53 2014	1393856693	0	803	803	793
Mon Mar 03 17:24:51 2014	1393856691	0	803	803	780
Mon Mar 03 17:24:53 2014	1393856693	0	803	803	796
Mon Mar 03 17:24:55 2014	1393856695	0	803	803	788
Mon Mar 03 17:24:54 2014	1393856694	0	803	803	794
Mon Mar 03 17:24:50 2014	1393856690	0	804	804	802
Mon Mar 03 17:24:52 2014	1393856692	0	804	804	804
Mon Mar 03 17:24:53 2014	1393856693	0	804	804	790
Mon Mar 03 17:24:52 2014	1393856692	0	804	804	774
Mon Mar 03 17:24:55 2014	1393856695	0	805	805	801
Mon Mar 03 17:24:50 2014	1393856690	0	805	805	769
Mon Mar 03 17:24:50 2014	1393856690	0	805	805	798
Mon Mar 03 17:24:52 2014	1393856692	0	805	805	800
Mon Mar 03 17:24:55 2014	1393856695	0	806	806	802
Mon Mar 03 17:24:53 2014	1393856693	0	806	806	806
Mon Mar 03 17:24:53 2014	1393856693	0	806	806	786
Mon Mar 03 17:24:55 2014	1393856695	0	806	806	800
Mon Mar 03 17:24:54 2014	1393856694	0	806	806	787
Mon Mar 03 17:24:53 2014	1393856693	0	806	807	804
Mon Mar 03 17:24:53 2014	1393856693	0	807	807	788
Mon Mar 03 17:24:55 2014	1393856695	0	807	807	800
Mon Mar 03 17:24:51 2014	1393856691	0	807	807	806
Mon Mar 03 17:24:53 2014	1393856693	0	807	807	774
Mon Mar 03 17:24:50 2014	1393856690	0	807	807	768
Mon Mar 03 17:24:53 2014	1393856693	0	807	807	799
Mon Mar 03 17:24:53 2014	1393856693	0	808	808	797
Mon Mar 03 17:24:53 2014	1393856693	0	808	808	782
Mon Mar 03 17:24:55 2014	1393856695	0	808	808	803
Mon Mar 03 17:24:52 2014	1393856692	0	808	808	797
Mon Mar 03 17:24:55 2014	1393856695	0	808	808	804
Mon Mar 03 17:24:51 2014	1393856691	0	809	809	787
Mon Mar 03 17:24:53 2014	1393856693	0	809	809	808
Mon Mar 03 17:24:52 2014	1393856692	0	809	809	790
Mon Mar 03 17:24:53 2014	1393856693	0	809	809	800
Mon Mar 03 17:24:53 2014	1393856693	0	809	809	775
Mon Mar 03 17:24:52 2014	1393856692	0	809	809	797
Mon Mar 03 17:24:55 2014	1393856695	0	809	809	809
Mon Mar 03 17:24:51 2014	1393856691	0	809	809	809
Mon Mar 03 17:24:55 2014	1393856695	0	810	810	797
Mon Mar 03 17:24:51 2014	1393856691	0	810	810	776
Mon Mar 03 17:24:50 2014	1393856690	0	810	810	791
Mon Mar 03 17:24:51 2014	1393856691	0	810	810	803
Mon Mar 03 17:24:54 2014	1393856694	0	810	810	757
Mon Mar 03 17:24:52 2014	1393856692	0	811	811	804
Mon Mar 03 17:24:50 2014	1393856690	0	811	811	782
Mon Mar 03 17:24:51 2014	1393856691	0	811	811	793
Mon Mar 03 17:24:49 2014	1393856689	0	811	811	808
Mon Mar 03 17:24:50 2014	1393856690	0	811	811	807
Mon Mar 03 17:24:53 2014	1393856693	0	811	811	806
Mon Mar 03 17:24:50 2014	1393856690	0	812	812	796
Mon Mar 03 17:24:52 2014	1393856692	0	812	812	805
Mon Mar 03 17:24:51 2014	1393856691	0	812	812	806
Mon Mar 03 17:24:55 2014	1393856695	0	812	812	811
Mon Mar 03 17:24:53 2014	1393856693	0	812	812	807
Mon Mar 03 17:24:53 2014	1393856693	0	812	812	795
Mon Mar 03 17:24:51 2014	1393856691	0	812	812	812
Mon Mar 03 17:24:53 2014	1393856693	0	812	812	799
Mon Mar 03 17:24:51 2014	1393856691	0	812	812	807
Mon Mar 03 17:24:52 2014	1393856692	0	813	813	788
Mon Mar 03 17:24:53 2014	1393856693	0	813	813	812
Mon Mar 03 17:24:50 2014	1393856690	0	813	813	795
Mon Mar 03 17:24:55 2014	1393856695	0	813	813	791
Mon Mar 03 17:24:53 2014	1393856693	0	813	813	796
Mon Mar 03 17:24:52 2014	1393856692	0	813	813	809
Mon Mar 03 17:24:51 2014	1393856691	0	814	814	796
Mon Mar 03 17:24:51 2014	1393856691	0	814	814	808
Mon Mar 03 17:24:52 2014	1393856692	0	814	814	814
Mon Mar 03 17:24:51 2014	1393856691	0	814	814	807
Mon Mar 03 17:24:52 2014	1393856692	0	815	815	804
Mon Mar 03 17:24:54 2014	1393856694	0	815	815	793
Mon Mar 03 17:24:53 2014	1393856693	0	815	815	799
Mon Mar 03 17:24:55 2014	1393856695	0	815	815	815
Mon Mar 03 17:24:53 2014	1393856693	0	815	815	802
Mon Mar 03 17:24:51 2014	1393856691	0	815	815	801
Mon Mar 03 17:24:51 2014	1393856691	0	815	815	798
Mon Mar 03 17:24:52 2014	1393856692	0	815	815	756
Mon Mar 03 17:24:49 2014	1393856689	0	815	815	808
Mon Mar 03 17:24:50 2014	1393856690	0	815	815	798
Mon Mar 03 17:24:55 2014	1393856695	0	816	816	815
Mon Mar 03 17:24:50 2014	1393856690	0	816	816	803
Mon Mar 03 17:24:53 2014	1393856693	0	816	816	811
Mon Mar 03 17:24:53 2014	1393856693	0	816	816	809
Mon Mar 03 17:24:51 2014	1393856691	0	816	817	792
Mon Mar 03 17:24:55 2014	1393856695	0	817	817	802
Mon Mar 03 17:24:53 2014	1393856693	0	817	817	788
Mon Mar 03 17:24:51 2014	1393856691	0	817	817	802
Mon Mar 03 17:24:49 2014	1393856689	0	817	817	804
Mon Mar 03 17:24:49 2014	1393856689	0	817	817	807
Mon Mar 03 17:24:53 2014	1393856693	0	818	818	807
Mon Mar 03 17:24:52 2014	1393856692	0	818	818	808
Mon Mar 03 17:24:55 2014	1393856695	0	818	818	818
Mon Mar 03 17:24:51 2014	1393856691	0	818	819	802
Mon Mar 03 17:24:55 2014	1393856695	0	819	819	814
Mon Mar 03 17:24:51 2014	1393856691	0	819	819	805
Mon Mar 03 17:24:54 2014	1393856694	0	819	819	803
Mon Mar 03 17:24:55 2014	1393856695	0	819	819	819
Mon Mar 03 17:24:51 2014	1393856691	0	819	819	814
Mon Mar 03 17:24:50 2014	1393856690	0	819	819	779
Mon Mar 03 17:24:51 2014	1393856691	0	819	819	819
Mon Mar 03 17:24:51 2014	1393856691	0	820	820	819
Mon Mar 03 17:24:53 2014	1393856693	0	820	820	808
Mon Mar 03 17:24:50 2014	1393856690	0	820	820	819
Mon Mar 03 17:24:51 2014	1393856691	0	820	820	819
Mon Mar 03 17:24:53 2014	1393856693	0	820	820	812
Mon Mar 03 17:24:52 2014	1393856692	0	820	820	782
Mon Mar 03 17:24:49 2014	1393856689	0	820	820	788
Mon Mar 03 17:24:55 2014	1393856695	0	820	820	817
Mon Mar 03 17:24:55 2014	1393856695	0	820	820	817
Mon Mar 03 17:24:51 2014	1393856691	0	821	821	819
Mon Mar 03 17:24:50 2014	1393856690	0	821	821	764
Mon Mar 03 17:24:52 2014	1393856692	0	821	821	820
Mon Mar 03 17:24:51 2014	1393856691	0	821	821	817
Mon Mar 03 17:24:51 2014	1393856691	0	821	821	806
Mon Mar 03 17:24:51 2014	1393856691	0	821	821	785
Mon Mar 03 17:24:51 2014	1393856691	0	821	821	778
Mon Mar 03 17:24:53 2014	1393856693	0	821	822	796
Mon Mar 03 17:24:49 2014	1393856689	0	822	822	799
Mon Mar 03 17:24:53 2014	1393856693	0	822	822	801
Mon Mar 03 17:24:52 2014	1393856692	0	822	822	812
Mon Mar 03 17:24:51 2014	1393856691	0	822	822	820
Mon Mar 03 17:24:55 2014	1393856695	0	823	823	815
Mon Mar 03 17:24:55 2014	1393856695	0	823	823	784
Mon Mar 03 17:24:53 2014	1393856693	0	823	823	796
Mon Mar 03 17:24:51 2014	1393856691	0	823	823	814
Mon Mar 03 17:24:53 2014	1393856693	0	823	823	820
Mon Mar 03 17:24:55 2014	1393856695	0	824	824	813
Mon Mar 03 17:24:55 2014	1393856695	0	824	824	819
Mon Mar 03 17:24:50 2014	1393856690	0	824	824	822
Mon Mar 03 17:24:55 2014	1393856695	0	824	824	803
Mon Mar 03 17:24:55 2014	1393856695	0	824	824	819
Mon Mar 03 17:24:51 2014	1393856691	0	824	824	823
Mon Mar 03 17:24:51 2014	1393856691	0	824	824	821
Mon Mar 03 17:24:50 2014	1393856690	0	824	824	781
Mon Mar 03 17:24:53 2014	1393856693	0	825	825	820
Mon Mar 03 17:24:55 2014	1393856695	0	825	825	818
Mon Mar 03 17:24:51 2014	1393856691	0	825	825	816
Mon Mar 03 17:24:51 2014	1393856691	0	825	825	821
Mon Mar 03 17:24:51 2014	1393856691	0	825	825	824
Mon Mar 03 17:24:53 2014	1393856693	0	826	826	821
Mon Mar 03 17:24:53 2014	1393856693	0	827	827	817
Mon Mar 03 17:24:55 2014	1393856695	0	827	827	822
Mon Mar 03 17:24:52 2014	1393856692	0	827	827	786
Mon Mar 03 17:24:55 2014	1393856695	0	827	827	826
Mon Mar 03 17:24:50 2014	1393856690	0	827	827	817
Mon Mar 03 17:24:53 2014	1393856693	0	827	827	824
Mon Mar 03 17:24:55 2014	1393856695	0	827	827	826
Mon Mar 03 17:24:55 2014	1393856695	0	827	827	796
Mon Mar 03 17:24:51 2014	1393856691	0	828	828	788
Mon Mar 03 17:24:52 2014	1393856692	0	828	828	823
Mon Mar 03 17:24:55 2014	1393856695	0	828	828	819
Mon Mar 03 17:24:51 2014	1393856691	0	828	828	824
Mon Mar 03 17:24:50 2014	1393856690	0	828	828	819
Mon Mar 03 17:24:49 2014	1393856689	0	828	828	807
Mon Mar 03 17:24:53 2014	1393856693	0	828	828	816
Mon Mar 03 17:24:51 2014	1393856691	0	828	829	797
Mon Mar 03 17:24:55 2014	1393856695	0	829	829	807
Mon Mar 03 17:24:55 2014	1393856695	0	829	829	814
Mon Mar 03 17:24:50 2014	1393856690	0	829	829	818
Mon Mar 03 17:24:55 2014	1393856695	0	829	829	829
Mon Mar 03 17:24:55 2014	1393856695	0	829	829	814
Mon Mar 03 17:24:55 2014	1393856695	0	829	829	821
Mon Mar 03 17:24:52 2014	1393856692	0	829	829	822
Mon Mar 03 17:24:51 2014	1393856691	0	830	830	807
Mon Mar 03 17:24:51 2014	1393856691	0	830	830	813
Mon Mar 03 17:24:51 2014	1393856691	0	830	830	830
Mon Mar 03 17:24:51 2014	1393856691	0	830	830	808
Mon Mar 03 17:24:50 2014	1393856690	0	830	830	813
Mon Mar 03 17:24:53 2014	1393856693	0	830	830	816
Mon Mar 03 17:24:55 2014	1393856695	0	830	830	819
Mon Mar 03 17:24:55 2014	1393856695	0	830	830	808
Mon Mar 03 17:24:53 2014	1393856693	0	830	830	819
Mon Mar 03 17:24:54 2014	1393856694	0	830	830	827
Mon Mar 03 17:24:52 2014	1393856692	0	830	831	801
Mon Mar 03 17:24:54 2014	1393856694	0	831	831	826
Mon Mar 03 17:24:51 2014	1393856691	0	831	831	810
Mon Mar 03 17:24:53 2014	1393856693	0	831	831	826
Mon Mar 03 17:24:51 2014	1393856691	0	831	831	817
Mon Mar 03 17:24:50 2014	1393856690	0	831	831	801
Mon Mar 03 17:24:50 2014	1393856690	0	831	832	769
Mon Mar 03 17:24:55 2014	1393856695	0	831	832	814
Mon Mar 03 17:24:51 2014	1393856691	0	832	832	799
Mon Mar 03 17:24:52 2014	1393856692	0	832	832	790
Mon Mar 03 17:24:51 2014	1393856691	0	832	832	799
Mon Mar 03 17:24:53 2014	1393856693	0	832	832	810
Mon Mar 03 17:24:53 2014	1393856693	0	832	832	823
Mon Mar 03 17:24:55 2014	1393856695	0	833	833	832
Mon Mar 03 17:24:55 2014	1393856695	0	833	833	790
Mon Mar 03 17:24:51 2014	1393856691	0	833	833	821
Mon Mar 03 17:24:53 2014	1393856693	0	834	834	803
Mon Mar 03 17:24:51 2014	1393856691	0	834	834	826
Mon Mar 03 17:24:55 2014	1393856695	0	834	834	823
Mon Mar 03 17:24:51 2014	1393856691	0	835	835	816
Mon Mar 03 17:24:53 2014	1393856693	0	835	835	800
Mon Mar 03 17:24:51 2014	1393856691	0	835	835	830
Mon Mar 03 17:24:55 2014	1393856695	0	835	835	788
Mon Mar 03 17:24:51 2014	1393856691	0	835	835	821
Mon Mar 03 17:24:51 2014	1393856691	0	835	835	810
Mon Mar 03 17:24:51 2014	1393856691	0	836	836	819
Mon Mar 03 17:24:55 2014	1393856695	0	836	836	821
Mon Mar 03 17:24:52 2014	1393856692	0	837	837	788
Mon Mar 03 17:24:55 2014	1393856695	0	837	837	836
Mon Mar 03 17:24:52 2014	1393856692	0	837	837	796
Mon Mar 03 17:24:51 2014	1393856691	0	838	838	822
Mon Mar 03 17:24:50 2014	1393856690	0	838	838	833
Mon Mar 03 17:24:55 2014	1393856695	0	838	838	829
Mon Mar 03 17:24:53 2014	1393856693	0	838	838	819
Mon Mar 03 17:24:55 2014	1393856695	0	839	839	811
Mon Mar 03 17:24:53 2014	1393856693	0	839	839	804
Mon Mar 03 17:24:51 2014	1393856691	0	840	840	802
Mon Mar 03 17:24:54 2014	1393856694	0	840	840	801
Mon Mar 03 17:24:53 2014	1393856693	0	840	840	799
Mon Mar 03 17:24:51 2014	1393856691	0	840	840	830
Mon Mar 03 17:24:50 2014	1393856690	0	842	842	826
Mon Mar 03 17:24:51 2014	1393856691	0	842	842	838
Mon Mar 03 17:24:51 2014	1393856691	0	842	842	831
Mon Mar 03 17:24:51 2014	1393856691	0	842	842	840
Mon Mar 03 17:24:54 2014	1393856694	0	842	842	829
Mon Mar 03 17:24:51 2014	1393856691	0	842	842	823
Mon Mar 03 17:24:52 2014	1393856692	0	843	843	825
Mon Mar 03 17:24:51 2014	1393856691	0	843	844	841
Mon Mar 03 17:24:51 2014	1393856691	0	844	844	843
Mon Mar 03 17:24:52 2014	1393856692	0	844	844	813
Mon Mar 03 17:24:52 2014	1393856692	0	845	845	821
Mon Mar 03 17:24:49 2014	1393856689	0	845	845	840
Mon Mar 03 17:24:51 2014	1393856691	0	845	846	831
Mon Mar 03 17:24:51 2014	1393856691	0	846	846	834
Mon Mar 03 17:24:55 2014	1393856695	0	846	846	817
Mon Mar 03 17:24:51 2014	1393856691	0	847	847	842
Mon Mar 03 17:24:51 2014	1393856691	0	848	848	836
Mon Mar 03 17:24:53 2014	1393856693	0	848	848	820
Mon Mar 03 17:24:53 2014	1393856693	0	849	849	844
Mon Mar 03 17:24:52 2014	1393856692	0	849	849	809
Mon Mar 03 17:24:51 2014	1393856691	0	850	850	844
Mon Mar 03 17:24:52 2014	1393856692	0	850	850	845
Mon Mar 03 17:24:51 2014	1393856691	0	851	851	843
Mon Mar 03 17:24:55 2014	1393856695	0	851	851	824
Mon Mar 03 17:24:51 2014	1393856691	0	851	851	804
Mon Mar 03 17:24:51 2014	1393856691	0	851	851	837
Mon Mar 03 17:24:55 2014	1393856695	0	851	851	843
Mon Mar 03 17:24:53 2014	1393856693	0	851	851	822
Mon Mar 03 17:24:55 2014	1393856695	0	851	851	829
Mon Mar 03 17:24:52 2014	1393856692	0	852	852	794
Mon Mar 03 17:24:55 2014	1393856695	0	853	853	842
Mon Mar 03 17:24:52 2014	1393856692	0	853	853	814
Mon Mar 03 17:24:55 2014	1393856695	0	853	853	840
Mon Mar 03 17:24:51 2014	1393856691	0	853	853	850
Mon Mar 03 17:24:51 2014	1393856691	0	853	853	843
Mon Mar 03 17:24:52 2014	1393856692	0	854	854	846
Mon Mar 03 17:24:51 2014	1393856691	0	855	855	852
Mon Mar 03 17:24:51 2014	1393856691	0	855	855	851
Mon Mar 03 17:24:53 2014	1393856693	0	855	855	816
Mon Mar 03 17:24:55 2014	1393856695	0	856	856	843
Mon Mar 03 17:24:50 2014	1393856690	0	856	856	827
Mon Mar 03 17:24:53 2014	1393856693	0	857	857	833
Mon Mar 03 17:24:51 2014	1393856691	0	858	858	840
Mon Mar 03 17:24:51 2014	1393856691	0	858	858	849
Mon Mar 03 17:24:51 2014	1393856691	0	858	858	846
Mon Mar 03 17:24:50 2014	1393856690	0	859	859	834
Mon Mar 03 17:24:51 2014	1393856691	0	859	859	844
Mon Mar 03 17:24:55 2014	1393856695	0	860	860	839
Mon Mar 03 17:24:55 2014	1393856695	0	862	862	819
Mon Mar 03 17:24:53 2014	1393856693	0	862	862	834
Mon Mar 03 17:24:51 2014	1393856691	0	863	863	853
Mon Mar 03 17:24:55 2014	1393856695	0	867	867	828
Mon Mar 03 17:24:52 2014	1393856692	0	868	868	841
Mon Mar 03 17:24:52 2014	1393856692	0	868	868	865
Mon Mar 03 17:24:51 2014	1393856691	0	868	868	785
Mon Mar 03 17:24:51 2014	1393856691	0	872	872	840
Mon Mar 03 17:24:52 2014	1393856692	0	872	872	844
Mon Mar 03 17:24:55 2014	1393856695	0	875	875	831
Mon Mar 03 17:24:51 2014	1393856691	0	875	875	808
Mon Mar 03 17:24:55 2014	1393856695	0	875	875	832
Mon Mar 03 17:24:51 2014	1393856691	0	877	877	823
Mon Mar 03 17:24:55 2014	1393856695	0	880	880	818
Mon Mar 03 17:24:53 2014	1393856693	0	890	890	864
Mon Mar 03 17:24:51 2014	1393856691	0	893	893	893
Mon Mar 03 17:24:55 2014	1393856695	0	893	894	883
Mon Mar 03 17:24:55 2014	1393856695	0	894	894	848
Mon Mar 03 17:24:52 2014	1393856692	0	899	899	847
Mon Mar 03 17:24:52 2014	1393856692	0	923	923	862
Mon Mar 03 17:24:55 2014	1393856695	0	931	931	880
Mon Mar 03 17:24:51 2014	1393856691	0	932	932	905
